Workbook

Sheet Assets
A1: # | B1: Asset | C1: What it must contain | D1: Ready (Y/N) | E1: Link or location | G1: Build every asset marked N before you send a single pitch. The Metrics sheet will not report ASSETS READY until all ten are Y.
A2: 1 | B2: Angle 1 + its proof | C2: One specific, arguable claim for a named audience, plus the number, story or outcome that proves it | D2: N
A3: 2 | B3: Angle 2 + its proof | C3: Same bar as angle 1 - a claim you can defend on air | D3: N
A4: 3 | B4: Angle 3 + its proof | C4: Same bar again - three angles is the working minimum | D4: N
A5: 4 | B5: One-sheet | C5: One page a host can scan in 30 seconds: topics, proof, short bio, logistics - under 250 words of prose | D5: N
A6: 5 | B6: Bio - 60 words | C6: Paste-ready short bio for the worst-moment request | D6: N
A7: 6 | B7: Bio - 150 words | C7: Paste-ready medium bio | D7: N
A8: 7 | B8: Bio - 300 words | C8: Paste-ready long bio with credentials | D8: N
A9: 8 | B9: Lead magnet | C9: One free, genuinely useful thing for the host's audience (checklist, template, calculator) | D9: N
A10: 9 | B10: Headshot | C10: Square, high resolution, current | D10: N
A11: 10 | B11: Links (two at most) | C11: The only two links you will cite everywhere | D11: N

Sheet Angles
A1: # | B1: Your angle (one specific claim) | C1: Proof you can cite (number, story or outcome) | D1: Best-fit show type | E1: Complete (Y/N) | F1: Pitches sent | G1: Replies | H1: Reply rate | J1: Retire an angle after about 15 pitches if its reply rate stays the weakest.
A2: 1 | B2: EXAMPLE the three pricing mistakes that make freelancers undercharge | C2: 500 rate reviews analysed | D2: Freelance / business | E2: =IF(AND(B2<>"",C2<>"",D2<>""),"Y","N") | F2: =COUNTIF(Pipeline!$F$2:$F$200,B2) | G2: =COUNTIFS(Pipeline!$F$2:$F$200,B2,Pipeline!$K$2:$K$200,"Replied")+COUNTIFS(Pipeline!$F$2:$F$200,B2,Pipeline!$K$2:$K$200,"Booked") | H2: =IF(OR(B2="",F2=0),"",G2/F2)
A3: 2 | E3: =IF(AND(B3<>"",C3<>"",D3<>""),"Y","N") | F3: =COUNTIF(Pipeline!$F$2:$F$200,B3) | G3: =COUNTIFS(Pipeline!$F$2:$F$200,B3,Pipeline!$K$2:$K$200,"Replied")+COUNTIFS(Pipeline!$F$2:$F$200,B3,Pipeline!$K$2:$K$200,"Booked") | H3: =IF(OR(B3="",F3=0),"",G3/F3)
A4: 3 | E4: =IF(AND(B4<>"",C4<>"",D4<>""),"Y","N") | F4: =COUNTIF(Pipeline!$F$2:$F$200,B4) | G4: =COUNTIFS(Pipeline!$F$2:$F$200,B4,Pipeline!$K$2:$K$200,"Replied")+COUNTIFS(Pipeline!$F$2:$F$200,B4,Pipeline!$K$2:$K$200,"Booked") | H4: =IF(OR(B4="",F4=0),"",G4/F4)
A5: 4 | E5: =IF(AND(B5<>"",C5<>"",D5<>""),"Y","N") | F5: =COUNTIF(Pipeline!$F$2:$F$200,B5) | G5: =COUNTIFS(Pipeline!$F$2:$F$200,B5,Pipeline!$K$2:$K$200,"Replied")+COUNTIFS(Pipeline!$F$2:$F$200,B5,Pipeline!$K$2:$K$200,"Booked") | H5: =IF(OR(B5="",F5=0),"",G5/F5)
A6: 5 | E6: =IF(AND(B6<>"",C6<>"",D6<>""),"Y","N") | F6: =COUNTIF(Pipeline!$F$2:$F$200,B6) | G6: =COUNTIFS(Pipeline!$F$2:$F$200,B6,Pipeline!$K$2:$K$200,"Replied")+COUNTIFS(Pipeline!$F$2:$F$200,B6,Pipeline!$K$2:$K$200,"Booked") | H6: =IF(OR(B6="",F6=0),"",G6/F6)

Sheet Pipeline
A1: Show | B1: Host or producer | C1: Network | D1: Episode you heard (title + date) | E1: Contact route | F1: Angle used | G1: Fit score 1-5 | H1: Date pitched | I1: Follow-up 1 due | J1: Follow-up 2 due | K1: Status | L1: Cadence | M1: Next action | N1: Notes | P1: Fill the white cells only. Follow-up dates, Cadence and every figure on Metrics are computed - do not overwrite the blue cells. Cut any show scoring 3 or below: delete the row.
A2: EXAMPLE The Small Biz Kitchen | B2: Marisol | C2: Independent | D2: Ep. 112 - the bakery owner drowning in paperwork (2026-09-30) | E2: contact form | F2: the three pricing mistakes that make freelancers undercharge | G2: 5 | H2: 2026-10-20 | I2: =IF(ISNUMBER(H2),H2+7,"") | J2: =IF(ISNUMBER(H2),H2+21,"") | K2: Pitched | L2: =IF(A2="","",IF(OR(K2="Booked",K2="Declined",K2="Closed - no reply",K2="Do not contact"),"CLOSED",IF(AND(ISNUMBER(J2),TODAY()>J2),"CLOSE THE LOOP",IF(AND(ISNUMBER(I2),TODAY()>I2),"FOLLOW UP 1","WAITING")))) | M2: Send the pitch
I3: =IF(ISNUMBER(H3),H3+7,"") | J3: =IF(ISNUMBER(H3),H3+21,"") | L3: =IF(A3="","",IF(OR(K3="Booked",K3="Declined",K3="Closed - no reply",K3="Do not contact"),"CLOSED",IF(AND(ISNUMBER(J3),TODAY()>J3),"CLOSE THE LOOP",IF(AND(ISNUMBER(I3),TODAY()>I3),"FOLLOW UP 1","WAITING"))))
I4: =IF(ISNUMBER(H4),H4+7,"") | J4: =IF(ISNUMBER(H4),H4+21,"") | L4: =IF(A4="","",IF(OR(K4="Booked",K4="Declined",K4="Closed - no reply",K4="Do not contact"),"CLOSED",IF(AND(ISNUMBER(J4),TODAY()>J4),"CLOSE THE LOOP",IF(AND(ISNUMBER(I4),TODAY()>I4),"FOLLOW UP 1","WAITING"))))
I5: =IF(ISNUMBER(H5),H5+7,"") | J5: =IF(ISNUMBER(H5),H5+21,"") | L5: =IF(A5="","",IF(OR(K5="Booked",K5="Declined",K5="Closed - no reply",K5="Do not contact"),"CLOSED",IF(AND(ISNUMBER(J5),TODAY()>J5),"CLOSE THE LOOP",IF(AND(ISNUMBER(I5),TODAY()>I5),"FOLLOW UP 1","WAITING"))))
I6: =IF(ISNUMBER(H6),H6+7,"") | J6: =IF(ISNUMBER(H6),H6+21,"") | L6: =IF(A6="","",IF(OR(K6="Booked",K6="Declined",K6="Closed - no reply",K6="Do not contact"),"CLOSED",IF(AND(ISNUMBER(J6),TODAY()>J6),"CLOSE THE LOOP",IF(AND(ISNUMBER(I6),TODAY()>I6),"FOLLOW UP 1","WAITING"))))
I7: =IF(ISNUMBER(H7),H7+7,"") | J7: =IF(ISNUMBER(H7),H7+21,"") | L7: =IF(A7="","",IF(OR(K7="Booked",K7="Declined",K7="Closed - no reply",K7="Do not contact"),"CLOSED",IF(AND(ISNUMBER(J7),TODAY()>J7),"CLOSE THE LOOP",IF(AND(ISNUMBER(I7),TODAY()>I7),"FOLLOW UP 1","WAITING"))))
I8: =IF(ISNUMBER(H8),H8+7,"") | J8: =IF(ISNUMBER(H8),H8+21,"") | L8: =IF(A8="","",IF(OR(K8="Booked",K8="Declined",K8="Closed - no reply",K8="Do not contact"),"CLOSED",IF(AND(ISNUMBER(J8),TODAY()>J8),"CLOSE THE LOOP",IF(AND(ISNUMBER(I8),TODAY()>I8),"FOLLOW UP 1","WAITING"))))
I9: =IF(ISNUMBER(H9),H9+7,"") | J9: =IF(ISNUMBER(H9),H9+21,"") | L9: =IF(A9="","",IF(OR(K9="Booked",K9="Declined",K9="Closed - no reply",K9="Do not contact"),"CLOSED",IF(AND(ISNUMBER(J9),TODAY()>J9),"CLOSE THE LOOP",IF(AND(ISNUMBER(I9),TODAY()>I9),"FOLLOW UP 1","WAITING"))))
I10: =IF(ISNUMBER(H10),H10+7,"") | J10: =IF(ISNUMBER(H10),H10+21,"") | L10: =IF(A10="","",IF(OR(K10="Booked",K10="Declined",K10="Closed - no reply",K10="Do not contact"),"CLOSED",IF(AND(ISNUMBER(J10),TODAY()>J10),"CLOSE THE LOOP",IF(AND(ISNUMBER(I10),TODAY()>I10),"FOLLOW UP 1","WAITING"))))
I11: =IF(ISNUMBER(H11),H11+7,"") | J11: =IF(ISNUMBER(H11),H11+21,"") | L11: =IF(A11="","",IF(OR(K11="Booked",K11="Declined",K11="Closed - no reply",K11="Do not contact"),"CLOSED",IF(AND(ISNUMBER(J11),TODAY()>J11),"CLOSE THE LOOP",IF(AND(ISNUMBER(I11),TODAY()>I11),"FOLLOW UP 1","WAITING"))))
I12: =IF(ISNUMBER(H12),H12+7,"") | J12: =IF(ISNUMBER(H12),H12+21,"") | L12: =IF(A12="","",IF(OR(K12="Booked",K12="Declined",K12="Closed - no reply",K12="Do not contact"),"CLOSED",IF(AND(ISNUMBER(J12),TODAY()>J12),"CLOSE THE LOOP",IF(AND(ISNUMBER(I12),TODAY()>I12),"FOLLOW UP 1","WAITING"))))
I13: =IF(ISNUMBER(H13),H13+7,"") | J13: =IF(ISNUMBER(H13),H13+21,"") | L13: =IF(A13="","",IF(OR(K13="Booked",K13="Declined",K13="Closed - no reply",K13="Do not contact"),"CLOSED",IF(AND(ISNUMBER(J13),TODAY()>J13),"CLOSE THE LOOP",IF(AND(ISNUMBER(I13),TODAY()>I13),"FOLLOW UP 1","WAITING"))))
I14: =IF(ISNUMBER(H14),H14+7,"") | J14: =IF(ISNUMBER(H14),H14+21,"") | L14: =IF(A14="","",IF(OR(K14="Booked",K14="Declined",K14="Closed - no reply",K14="Do not contact"),"CLOSED",IF(AND(ISNUMBER(J14),TODAY()>J14),"CLOSE THE LOOP",IF(AND(ISNUMBER(I14),TODAY()>I14),"FOLLOW UP 1","WAITING"))))
... I41: =IF(ISNUMBER(H41),H41+7,"") | J41: =IF(ISNUMBER(H41),H41+21,"") | L41: =IF(A41="","",IF(OR(K41="Booked",K41="Declined",K41="Closed - no reply",K41="Do not contact"),"CLOSED",IF(AND(ISNUMBER(J41),TODAY()>J41),"CLOSE THE LOOP",IF(AND(ISNUMBER(I41),TODAY()>I41),"FOLLOW UP 1","WAITING"))))

Sheet FollowUps
A1: Show | B1: Touch number | C1: Date sent | D1: Channel | E1: One-line value added (never just 'bumping this') | F1: Reply (Y/N) | H1: Two follow-ups maximum per show, then close. Touch number above 2 is a spam risk and Metrics will say so.
A2: EXAMPLE The Small Biz Kitchen | B2: 1 | C2: 2026-10-27 | D2: Email | E2: EXAMPLE added the rate-benchmark table | F2: N

Sheet Metrics
A1: KPI | B1: Value | C1: How it is computed
A2: Shows on the target list | B2: =COUNTA(Pipeline!$A$2:$A$41) | C2: Rows with a show name
A3: Pitches sent | B3: =COUNT(Pipeline!$H$2:$H$41) | C3: Rows with a real pitch date
A4: Replies | B4: =COUNTIF(Pipeline!$K$2:$K$41,"Replied")+COUNTIF(Pipeline!$K$2:$K$41,"Booked") | C4: Replied + Booked
A5: Reply rate | B5: =IFERROR(B3/B2,"") | C5: Replies / pitches sent
A6: Bookings | B6: =COUNTIF(Pipeline!$K$2:$K$41,"Booked") | C6: Status = Booked
A7: Booking rate | B7: =IFERROR(B5/B2,"") | C7: Bookings / pitches sent
A8: Closed without a reply | B8: =COUNTIF(Pipeline!$K$2:$K$41,"Closed - no reply") | C8: The honest baseline your next quarter is measured against
A9: Shows cut as poor fit (score 3 or below) | B9: =COUNTIF(Pipeline!$G$2:$G$41,"<=3") | C9: Rows you should delete rather than pitch
A10: Cadence overdue | B10: =COUNTIF(Pipeline!$L$2:$L$41,"FOLLOW UP 1")+COUNTIF(Pipeline!$L$2:$L$41,"CLOSE THE LOOP") | C10: Rows the cadence says are due today or earlier
A11: Spam risk (any touch number above 2) | B11: =COUNTIF(FollowUps!$B$2:$B$41,">2") | C11: Must stay 0 - a third follow-up is a request to be filtered
A12: Assets ready (of 10) | B12: =COUNTIF(Assets!$D$2:$D$11,"Y") | C12: Rows marked Y on Assets
A13: Assets status | B13: =IF(B12<10,"BUILD THE MISSING ASSETS BEFORE PITCHING","ASSETS READY") | C13: All ten assets must be ready before the first pitch
A14: Best angle so far | B14: =IFERROR(IF(MAX(Angles!$H$2:$H$6)=0,"",INDEX(Angles!$B$2:$B$6,MATCH(MAX(Angles!$H$2:$H$6),Angles!$H$2:$H$6,0))),"") | C14: Highest reply rate among the angles you have actually pitched
A15: Read this honestly | B15: =IF(B2=0,"No pitches yet - build the assets first",IF(B2<10,"Under 10 pitches: too early to read a trend",IF(B13<>"ASSETS READY","Assets incomplete - fix that first",IF(B10>0,"SPAM RISK - stop sending third follow-ups","Judge batches, not single emails. Change one thing at a time.")))) | C15: Change one variable at a time so an improvement has a cause you can name

Sheet README
A1: B12-005 Podcast Guest Booking Kit - TRACKER, HOW TO USE
A3: 1) Assets first. Fill the Assets sheet and mark each row Y only when the asset genuinely exists. Metrics stays on BUILD THE MISSING ASSETS for as long as any row is N - a pitch sent without an angle, proof and a lead magnet is a coin flip.
A4: 2) Angles. Write two to five specific, arguable claims with the proof you can cite. The sheet computes each angle's pitches and reply rate from Pipeline, so you can see which angle is actually wanted. Retire the weakest after about 15 pitches.
A5: 3) Pipeline. One row per show. Fill Show, host, network, episode-you-heard, contact route, angle, fit score (1-5) and pitch date (white cells). Follow-up 1 due (day 7), Follow-up 2 due (day 21) and Cadence are computed - do not overwrite the blue cells. Cut any show scoring 3 or below: delete the row rather than pitch it.
A6: 4) FollowUps. Log every touch. Touch number 1 is the day-7 follow-up, 2 is the day-21 close. There is no 3 - the entry warns you and Metrics reports SPAM RISK, because a third follow-up is how you get filtered. Never send an empty bump; always add one line of real value.
A7: 5) Metrics. The scoreboard, computed from your own rows: pitches, replies, reply rate, bookings, booking rate, closed-without-reply, cadence overdue, spam risk, and the best-performing angle. Anything under 10 pitches is too early to read a trend - judge batches, not single emails.
A8: 6) Weekly ritual, 45 minutes: rank and cut new shows, send this week's pitches, work the rows Cadence marks due, update statuses honestly, glance at Metrics, close it. Pair this with the B12-005 PDF (the method, the five scripts, and the ten mistakes).
A9: 7) This is an organising tool for YOUR OWN guest outreach. It contacts no one, subscribes you to no database, and promises no bookings. It is not PR, legal or financial advice.
