Workbook

Sheet Setup
A1: # | B1: Setting | C1: Your value | D1: Notes
A2: 1 | B2: Default loaded hourly cost (USD/hr) | C2: 65 | D2: Fully loaded = salary / 2080 x (1 + surcharge). A team median is fine; use the helper below for exact.
A3: 2 | B3: Working weeks per year | C3: 46 | D3: 52 minus vacation, holidays and non-billable gaps
A4: 3 | B4: Currency label | C4: USD | D4: Change the label only; the numbers stay plain
A5: 4 | B5: Decision value threshold (USD per decision) | C5: 500 | D5: Above this cost per decision, the meeting is flagged Shorten/async
A6: 5 | B6: Optional: annual salary (USD) | C6: 100000 | D6: Used only to derive a loaded rate below
A7: 6 | B7: Optional: employer surcharge % (EU ~20%, US ~35%) | C7: 0.3 | D7: Taxes, benefits and overhead on top of salary
A8: 7 | B8: Loaded $/hr (computed from row 5-6) | C8: =C6/2080*(1+C7) | D8: Copy this number into MeetingLog column C, or just type your own rate there

Sheet MeetingLog
A1: Meeting | B1: Attendees | C1: Loaded $/hr | D1: Hours/meeting | E1: Times/week | F1: Decisions/meeting | G1: Weekly cost (USD) | H1: Annual cost (USD) | I1: Person-hours/year | J1: Cost per decision (USD) | K1: Suggested action
A2: EXAMPLE Sprint planning | B2: 6 | C2: 75 | D2: 1.5 | E2: 1 | F2: 2 | G2: =IF(AND(ISNUMBER(B2),ISNUMBER(C2),ISNUMBER(D2),ISNUMBER(E2)),B2*C2*D2*E2,"") | H2: =IF(ISNUMBER(G2),G2*Setup!$C$3,"") | I2: =IF(AND(ISNUMBER(B2),ISNUMBER(D2),ISNUMBER(E2)),B2*D2*E2*Setup!$C$3,"") | J2: =IF(AND(ISNUMBER(B2),ISNUMBER(C2),ISNUMBER(D2),ISNUMBER(F2),F2>0),B2*C2*D2/F2,"") | K2: =IF(NOT(ISNUMBER(G2)),"",IF(AND(ISNUMBER(F2),F2=0),"KILL or make async",IF(AND(ISNUMBER(J2),J2>Setup!$C$5),"Shorten or async","Keep")))
A3: EXAMPLE Status round-robin | B3: 8 | C3: 70 | D3: 0.5 | E3: 3 | F3: 0 | G3: =IF(AND(ISNUMBER(B3),ISNUMBER(C3),ISNUMBER(D3),ISNUMBER(E3)),B3*C3*D3*E3,"") | H3: =IF(ISNUMBER(G3),G3*Setup!$C$3,"") | I3: =IF(AND(ISNUMBER(B3),ISNUMBER(D3),ISNUMBER(E3)),B3*D3*E3*Setup!$C$3,"") | J3: =IF(AND(ISNUMBER(B3),ISNUMBER(C3),ISNUMBER(D3),ISNUMBER(F3),F3>0),B3*C3*D3/F3,"") | K3: =IF(NOT(ISNUMBER(G3)),"",IF(AND(ISNUMBER(F3),F3=0),"KILL or make async",IF(AND(ISNUMBER(J3),J3>Setup!$C$5),"Shorten or async","Keep")))
G4: =IF(AND(ISNUMBER(B4),ISNUMBER(C4),ISNUMBER(D4),ISNUMBER(E4)),B4*C4*D4*E4,"") | H4: =IF(ISNUMBER(G4),G4*Setup!$C$3,"") | I4: =IF(AND(ISNUMBER(B4),ISNUMBER(D4),ISNUMBER(E4)),B4*D4*E4*Setup!$C$3,"") | J4: =IF(AND(ISNUMBER(B4),ISNUMBER(C4),ISNUMBER(D4),ISNUMBER(F4),F4>0),B4*C4*D4/F4,"") | K4: =IF(NOT(ISNUMBER(G4)),"",IF(AND(ISNUMBER(F4),F4=0),"KILL or make async",IF(AND(ISNUMBER(J4),J4>Setup!$C$5),"Shorten or async","Keep")))
G5: =IF(AND(ISNUMBER(B5),ISNUMBER(C5),ISNUMBER(D5),ISNUMBER(E5)),B5*C5*D5*E5,"") | H5: =IF(ISNUMBER(G5),G5*Setup!$C$3,"") | I5: =IF(AND(ISNUMBER(B5),ISNUMBER(D5),ISNUMBER(E5)),B5*D5*E5*Setup!$C$3,"") | J5: =IF(AND(ISNUMBER(B5),ISNUMBER(C5),ISNUMBER(D5),ISNUMBER(F5),F5>0),B5*C5*D5/F5,"") | K5: =IF(NOT(ISNUMBER(G5)),"",IF(AND(ISNUMBER(F5),F5=0),"KILL or make async",IF(AND(ISNUMBER(J5),J5>Setup!$C$5),"Shorten or async","Keep")))
G6: =IF(AND(ISNUMBER(B6),ISNUMBER(C6),ISNUMBER(D6),ISNUMBER(E6)),B6*C6*D6*E6,"") | H6: =IF(ISNUMBER(G6),G6*Setup!$C$3,"") | I6: =IF(AND(ISNUMBER(B6),ISNUMBER(D6),ISNUMBER(E6)),B6*D6*E6*Setup!$C$3,"") | J6: =IF(AND(ISNUMBER(B6),ISNUMBER(C6),ISNUMBER(D6),ISNUMBER(F6),F6>0),B6*C6*D6/F6,"") | K6: =IF(NOT(ISNUMBER(G6)),"",IF(AND(ISNUMBER(F6),F6=0),"KILL or make async",IF(AND(ISNUMBER(J6),J6>Setup!$C$5),"Shorten or async","Keep")))
G7: =IF(AND(ISNUMBER(B7),ISNUMBER(C7),ISNUMBER(D7),ISNUMBER(E7)),B7*C7*D7*E7,"") | H7: =IF(ISNUMBER(G7),G7*Setup!$C$3,"") | I7: =IF(AND(ISNUMBER(B7),ISNUMBER(D7),ISNUMBER(E7)),B7*D7*E7*Setup!$C$3,"") | J7: =IF(AND(ISNUMBER(B7),ISNUMBER(C7),ISNUMBER(D7),ISNUMBER(F7),F7>0),B7*C7*D7/F7,"") | K7: =IF(NOT(ISNUMBER(G7)),"",IF(AND(ISNUMBER(F7),F7=0),"KILL or make async",IF(AND(ISNUMBER(J7),J7>Setup!$C$5),"Shorten or async","Keep")))
G8: =IF(AND(ISNUMBER(B8),ISNUMBER(C8),ISNUMBER(D8),ISNUMBER(E8)),B8*C8*D8*E8,"") | H8: =IF(ISNUMBER(G8),G8*Setup!$C$3,"") | I8: =IF(AND(ISNUMBER(B8),ISNUMBER(D8),ISNUMBER(E8)),B8*D8*E8*Setup!$C$3,"") | J8: =IF(AND(ISNUMBER(B8),ISNUMBER(C8),ISNUMBER(D8),ISNUMBER(F8),F8>0),B8*C8*D8/F8,"") | K8: =IF(NOT(ISNUMBER(G8)),"",IF(AND(ISNUMBER(F8),F8=0),"KILL or make async",IF(AND(ISNUMBER(J8),J8>Setup!$C$5),"Shorten or async","Keep")))
G9: =IF(AND(ISNUMBER(B9),ISNUMBER(C9),ISNUMBER(D9),ISNUMBER(E9)),B9*C9*D9*E9,"") | H9: =IF(ISNUMBER(G9),G9*Setup!$C$3,"") | I9: =IF(AND(ISNUMBER(B9),ISNUMBER(D9),ISNUMBER(E9)),B9*D9*E9*Setup!$C$3,"") | J9: =IF(AND(ISNUMBER(B9),ISNUMBER(C9),ISNUMBER(D9),ISNUMBER(F9),F9>0),B9*C9*D9/F9,"") | K9: =IF(NOT(ISNUMBER(G9)),"",IF(AND(ISNUMBER(F9),F9=0),"KILL or make async",IF(AND(ISNUMBER(J9),J9>Setup!$C$5),"Shorten or async","Keep")))
G10: =IF(AND(ISNUMBER(B10),ISNUMBER(C10),ISNUMBER(D10),ISNUMBER(E10)),B10*C10*D10*E10,"") | H10: =IF(ISNUMBER(G10),G10*Setup!$C$3,"") | I10: =IF(AND(ISNUMBER(B10),ISNUMBER(D10),ISNUMBER(E10)),B10*D10*E10*Setup!$C$3,"") | J10: =IF(AND(ISNUMBER(B10),ISNUMBER(C10),ISNUMBER(D10),ISNUMBER(F10),F10>0),B10*C10*D10/F10,"") | K10: =IF(NOT(ISNUMBER(G10)),"",IF(AND(ISNUMBER(F10),F10=0),"KILL or make async",IF(AND(ISNUMBER(J10),J10>Setup!$C$5),"Shorten or async","Keep")))
G11: =IF(AND(ISNUMBER(B11),ISNUMBER(C11),ISNUMBER(D11),ISNUMBER(E11)),B11*C11*D11*E11,"") | H11: =IF(ISNUMBER(G11),G11*Setup!$C$3,"") | I11: =IF(AND(ISNUMBER(B11),ISNUMBER(D11),ISNUMBER(E11)),B11*D11*E11*Setup!$C$3,"") | J11: =IF(AND(ISNUMBER(B11),ISNUMBER(C11),ISNUMBER(D11),ISNUMBER(F11),F11>0),B11*C11*D11/F11,"") | K11: =IF(NOT(ISNUMBER(G11)),"",IF(AND(ISNUMBER(F11),F11=0),"KILL or make async",IF(AND(ISNUMBER(J11),J11>Setup!$C$5),"Shorten or async","Keep")))
G12: =IF(AND(ISNUMBER(B12),ISNUMBER(C12),ISNUMBER(D12),ISNUMBER(E12)),B12*C12*D12*E12,"") | H12: =IF(ISNUMBER(G12),G12*Setup!$C$3,"") | I12: =IF(AND(ISNUMBER(B12),ISNUMBER(D12),ISNUMBER(E12)),B12*D12*E12*Setup!$C$3,"") | J12: =IF(AND(ISNUMBER(B12),ISNUMBER(C12),ISNUMBER(D12),ISNUMBER(F12),F12>0),B12*C12*D12/F12,"") | K12: =IF(NOT(ISNUMBER(G12)),"",IF(AND(ISNUMBER(F12),F12=0),"KILL or make async",IF(AND(ISNUMBER(J12),J12>Setup!$C$5),"Shorten or async","Keep")))
G13: =IF(AND(ISNUMBER(B13),ISNUMBER(C13),ISNUMBER(D13),ISNUMBER(E13)),B13*C13*D13*E13,"") | H13: =IF(ISNUMBER(G13),G13*Setup!$C$3,"") | I13: =IF(AND(ISNUMBER(B13),ISNUMBER(D13),ISNUMBER(E13)),B13*D13*E13*Setup!$C$3,"") | J13: =IF(AND(ISNUMBER(B13),ISNUMBER(C13),ISNUMBER(D13),ISNUMBER(F13),F13>0),B13*C13*D13/F13,"") | K13: =IF(NOT(ISNUMBER(G13)),"",IF(AND(ISNUMBER(F13),F13=0),"KILL or make async",IF(AND(ISNUMBER(J13),J13>Setup!$C$5),"Shorten or async","Keep")))
G14: =IF(AND(ISNUMBER(B14),ISNUMBER(C14),ISNUMBER(D14),ISNUMBER(E14)),B14*C14*D14*E14,"") | H14: =IF(ISNUMBER(G14),G14*Setup!$C$3,"") | I14: =IF(AND(ISNUMBER(B14),ISNUMBER(D14),ISNUMBER(E14)),B14*D14*E14*Setup!$C$3,"") | J14: =IF(AND(ISNUMBER(B14),ISNUMBER(C14),ISNUMBER(D14),ISNUMBER(F14),F14>0),B14*C14*D14/F14,"") | K14: =IF(NOT(ISNUMBER(G14)),"",IF(AND(ISNUMBER(F14),F14=0),"KILL or make async",IF(AND(ISNUMBER(J14),J14>Setup!$C$5),"Shorten or async","Keep")))
G15: =IF(AND(ISNUMBER(B15),ISNUMBER(C15),ISNUMBER(D15),ISNUMBER(E15)),B15*C15*D15*E15,"") | H15: =IF(ISNUMBER(G15),G15*Setup!$C$3,"") | I15: =IF(AND(ISNUMBER(B15),ISNUMBER(D15),ISNUMBER(E15)),B15*D15*E15*Setup!$C$3,"") | J15: =IF(AND(ISNUMBER(B15),ISNUMBER(C15),ISNUMBER(D15),ISNUMBER(F15),F15>0),B15*C15*D15/F15,"") | K15: =IF(NOT(ISNUMBER(G15)),"",IF(AND(ISNUMBER(F15),F15=0),"KILL or make async",IF(AND(ISNUMBER(J15),J15>Setup!$C$5),"Shorten or async","Keep")))
... G21: =IF(AND(ISNUMBER(B21),ISNUMBER(C21),ISNUMBER(D21),ISNUMBER(E21)),B21*C21*D21*E21,"") | H21: =IF(ISNUMBER(G21),G21*Setup!$C$3,"") | I21: =IF(AND(ISNUMBER(B21),ISNUMBER(D21),ISNUMBER(E21)),B21*D21*E21*Setup!$C$3,"") | J21: =IF(AND(ISNUMBER(B21),ISNUMBER(C21),ISNUMBER(D21),ISNUMBER(F21),F21>0),B21*C21*D21/F21,"") | K21: =IF(NOT(ISNUMBER(G21)),"",IF(AND(ISNUMBER(F21),F21=0),"KILL or make async",IF(AND(ISNUMBER(J21),J21>Setup!$C$5),"Shorten or async","Keep")))

Sheet Dashboard
A1: KPI | B1: Value | C1: Note
A2: Meetings logged | B2: =COUNTA(MeetingLog!A2:A21) | C2: Rows with a meeting name on MeetingLog
A3: Total weekly meeting cost (USD) | B3: =IFERROR(SUM(MeetingLog!G2:G21),0) | C3: Sum of the Weekly cost column
A4: Monthly meeting cost (USD) | B4: =IFERROR(B3*4.33,0) | C4: Weekly x 4.33 weeks
A5: Annual meeting cost (USD) | B5: =IFERROR(SUM(MeetingLog!H2:H21),0) | C5: Weekly x working weeks per year (Setup)
A6: Total person-hours per year | B6: =IFERROR(SUM(MeetingLog!I2:I21),0) | C6: Attendees x hours x times/week x weeks
A7: Zero-decision meetings | B7: =SUMPRODUCT((MeetingLog!A2:A21<>"")*(MeetingLog!F2:F21=0)) | C7: Logged meetings that produce no decision - your first cuts
A8: Annual cost of zero-decision meetings (USD) | B8: =IFERROR(SUMIFS(MeetingLog!H2:H21,MeetingLog!F2:F21,0,MeetingLog!A2:A21,"<>"),0) | C8: The saving if you cancel every zero-decision meeting
A9: Most expensive meeting | B9: =IFERROR(INDEX(MeetingLog!A2:A21,MATCH(MAX(MeetingLog!H2:H21),MeetingLog!H2:H21,0)),"") | C9: Highest annual cost
A10: Highest annual meeting cost (USD) | B10: =IFERROR(MAX(MeetingLog!H2:H21),0)
A11: Highest cost per decision (USD) | B11: =IFERROR(MAX(MeetingLog!J2:J21),"") | C11: The meeting doing the least work per dollar

Sheet Rules
A1: # | B1: Rule | C1: Applies to
A2: 1 | B2: No agenda in invite = decline by default | C2: All recurring
A3: 2 | B3: Default 25 min, not 30; 50 min, not 60 | C3: All new invites
A4: 3 | B4: Status updates go async (doc/chat), never a meeting | C4: Status round-robins
A5: 4 | B5: Owner + decision + deadline in every invite | C5: Decision meetings
A6: 5 | B6: Quarterly kill review: cancel the costliest meetings with zero decisions | C6: Recurring
A7: 6 | B7: Set an end date on every recurring meeting and revisit it | C7: Recurring

Sheet README
A1: B12-004 Meeting Cost & ROI Calculator — HOW TO USE
A3: 1) Setup: set your default loaded hourly rate and working weeks. Loaded cost = salary / 2080 x (1 + surcharge). The helper derives it from a salary if you prefer.
A4: 2) MeetingLog: one row per recurring meeting. Fill ONLY the white cells (attendees, rate, hours, times/week, decisions/meeting). Blue cells compute cost and are not to be overwritten. Yellow rows are EXAMPLES - overwrite or delete them.
A5: 3) Cost per decision = one meeting's cost divided by the real decisions it produces. It is the number worth arguing about.
A6: 4) Dashboard: totals, the most expensive meeting, and the annual saving from cancelling every zero-decision meeting. Start your kill review at the top of the Meetings logged list.
A7: 5) Rules: the operating defaults. Re-run the quarterly kill review or the cost quietly returns.
A8: Arithmetic on YOUR inputs only. Loaded rates and decisions are estimates you own; this is not HR, legal or financial advice.
