Workbook

Sheet Opportunities
A1: ID | B1: Funder | C1: Program | D1: Focus area | E1: Geography | F1: Award min (USD) | G1: Award max (USD) | H1: Deadline | I1: Status | J1: Owner | K1: Source URL | L1: Next action | M1: Submitted | N1: Decision | O1: Awarded (USD) | P1: Docs ready | Q1: Docs gap | R1: Days to deadline | S1: Deadline state | T1: Duplicate? | U1: Row check | V1: Open deadline (helper) | X1: White cells are yours to fill. Blue cells are computed - do not overwrite them. Yellow rows are EXAMPLES - overwrite or delete them.
A2: EX-001 | B2: EXAMPLE Northfield Community Trust | C2: EXAMPLE Youth Arts Grant | D2: Arts education | E2: Regional | F2: 5000 | G2: 15000 | H2: 46461 | I2: Research | J2: Sam | K2: https://example.org/northfield-guidelines | L2: Confirm eligibility, then draft the narrative | P2: =IF($A2="","",COUNTIFS(Docs!$A$2:$A$201,$A2,Docs!$C$2:$C$201,"Y",Docs!$D$2:$D$201,"Y")&"/"&COUNTIFS(Docs!$A$2:$A$201,$A2,Docs!$C$2:$C$201,"Y")) | Q2: =IF($A2="","",IF(COUNTIFS(Docs!$A$2:$A$201,$A2,Docs!$C$2:$C$201,"Y",Docs!$D$2:$D$201,"N")>0,"MISSING","OK")) | R2: =IF(AND($A2<>"",ISNUMBER($H2)),$H2-TODAY(),"") | S2: =IF($A2="","",IF(OR($I2="Awarded",$I2="Declined",$I2="Withdrawn"),"CLOSED",IF(NOT(ISNUMBER($H2)),"NO DEADLINE SET",IF($H2<TODAY(),"OVERDUE "&TODAY()-$H2&" DAYS",IF($H2-TODAY()<=14,"DUE IN "&$H2-TODAY()&" DAYS","OPEN"))))) | T2: =IF($A2="","",IF(COUNTIFS($B$2:$B$41,$B2,$C$2:$C$41,$C2)>1,"DUPLICATE OF ANOTHER ROW","")) | U2: =IF($A2="","",IF($B2="","No funder name. ","")&IF(AND(ISNUMBER($F2),ISNUMBER($G2),$G2<$F2),"Award max is below award min. ","")&IF(AND($I2="Submitted",NOT(ISNUMBER($M2))),"Status is Submitted but there is no submitted date. ","")&IF(AND($I2="Awarded",NOT(ISNUMBER($O2))),"Status is Awarded but there is no awarded amount. ","")&IF(AND($I2<>"Research",$I2<>"",NOT(ISNUMBER($H2))),"There is no deadline date. ","")&IF(AND(ISNUMBER($O2),ISNUMBER($G2),$O2>$G2),"Awarded amount is above the award max you recorded. ","")) | V2: =IF(AND($A2<>"",ISNUMBER($H2),$I2<>"Awarded",$I2<>"Declined",$I2<>"Withdrawn"),$H2,"")
A3: EX-002 | B3: EXAMPLE Riverside Health Foundation | C3: EXAMPLE Community Wellness Grant | D3: Health | E3: Statewide | F3: 10000 | G3: 25000 | H3: 46328 | I3: Drafting | J3: Priya | K3: https://example.org/riverside-apply | L3: Finish the outcomes table | P3: =IF($A3="","",COUNTIFS(Docs!$A$2:$A$201,$A3,Docs!$C$2:$C$201,"Y",Docs!$D$2:$D$201,"Y")&"/"&COUNTIFS(Docs!$A$2:$A$201,$A3,Docs!$C$2:$C$201,"Y")) | Q3: =IF($A3="","",IF(COUNTIFS(Docs!$A$2:$A$201,$A3,Docs!$C$2:$C$201,"Y",Docs!$D$2:$D$201,"N")>0,"MISSING","OK")) | R3: =IF(AND($A3<>"",ISNUMBER($H3)),$H3-TODAY(),"") | S3: =IF($A3="","",IF(OR($I3="Awarded",$I3="Declined",$I3="Withdrawn"),"CLOSED",IF(NOT(ISNUMBER($H3)),"NO DEADLINE SET",IF($H3<TODAY(),"OVERDUE "&TODAY()-$H3&" DAYS",IF($H3-TODAY()<=14,"DUE IN "&$H3-TODAY()&" DAYS","OPEN"))))) | T3: =IF($A3="","",IF(COUNTIFS($B$2:$B$41,$B3,$C$2:$C$41,$C3)>1,"DUPLICATE OF ANOTHER ROW","")) | U3: =IF($A3="","",IF($B3="","No funder name. ","")&IF(AND(ISNUMBER($F3),ISNUMBER($G3),$G3<$F3),"Award max is below award min. ","")&IF(AND($I3="Submitted",NOT(ISNUMBER($M3))),"Status is Submitted but there is no submitted date. ","")&IF(AND($I3="Awarded",NOT(ISNUMBER($O3))),"Status is Awarded but there is no awarded amount. ","")&IF(AND($I3<>"Research",$I3<>"",NOT(ISNUMBER($H3))),"There is no deadline date. ","")&IF(AND(ISNUMBER($O3),ISNUMBER($G3),$O3>$G3),"Awarded amount is above the award max you recorded. ","")) | V3: =IF(AND($A3<>"",ISNUMBER($H3),$I3<>"Awarded",$I3<>"Declined",$I3<>"Withdrawn"),$H3,"")
A4: EX-003 | B4: EXAMPLE State Arts Council | C4: EXAMPLE Operating Support | D4: Arts | E4: Statewide | F4: 7500 | G4: 20000 | H4: 46204 | I4: Awarded | J4: Sam | K4: https://example.org/state-arts | L4: Log the first report due date on Timeline | M4: 46178 | N4: 46296 | O4: 15000 | P4: =IF($A4="","",COUNTIFS(Docs!$A$2:$A$201,$A4,Docs!$C$2:$C$201,"Y",Docs!$D$2:$D$201,"Y")&"/"&COUNTIFS(Docs!$A$2:$A$201,$A4,Docs!$C$2:$C$201,"Y")) | Q4: =IF($A4="","",IF(COUNTIFS(Docs!$A$2:$A$201,$A4,Docs!$C$2:$C$201,"Y",Docs!$D$2:$D$201,"N")>0,"MISSING","OK")) | R4: =IF(AND($A4<>"",ISNUMBER($H4)),$H4-TODAY(),"") | S4: =IF($A4="","",IF(OR($I4="Awarded",$I4="Declined",$I4="Withdrawn"),"CLOSED",IF(NOT(ISNUMBER($H4)),"NO DEADLINE SET",IF($H4<TODAY(),"OVERDUE "&TODAY()-$H4&" DAYS",IF($H4-TODAY()<=14,"DUE IN "&$H4-TODAY()&" DAYS","OPEN"))))) | T4: =IF($A4="","",IF(COUNTIFS($B$2:$B$41,$B4,$C$2:$C$41,$C4)>1,"DUPLICATE OF ANOTHER ROW","")) | U4: =IF($A4="","",IF($B4="","No funder name. ","")&IF(AND(ISNUMBER($F4),ISNUMBER($G4),$G4<$F4),"Award max is below award min. ","")&IF(AND($I4="Submitted",NOT(ISNUMBER($M4))),"Status is Submitted but there is no submitted date. ","")&IF(AND($I4="Awarded",NOT(ISNUMBER($O4))),"Status is Awarded but there is no awarded amount. ","")&IF(AND($I4<>"Research",$I4<>"",NOT(ISNUMBER($H4))),"There is no deadline date. ","")&IF(AND(ISNUMBER($O4),ISNUMBER($G4),$O4>$G4),"Awarded amount is above the award max you recorded. ","")) | V4: =IF(AND($A4<>"",ISNUMBER($H4),$I4<>"Awarded",$I4<>"Declined",$I4<>"Withdrawn"),$H4,"")
A5: EX-004 | B5: EXAMPLE Northfield Community Trust | C5: EXAMPLE Youth Arts Grant | D5: Arts education | E5: Regional | F5: 5000 | G5: 15000 | H5: 46461 | I5: Research | J5: Sam | K5: https://example.org/northfield-guidelines | L5: EXAMPLE duplicate of EX-001 - delete this row or merge the notes | P5: =IF($A5="","",COUNTIFS(Docs!$A$2:$A$201,$A5,Docs!$C$2:$C$201,"Y",Docs!$D$2:$D$201,"Y")&"/"&COUNTIFS(Docs!$A$2:$A$201,$A5,Docs!$C$2:$C$201,"Y")) | Q5: =IF($A5="","",IF(COUNTIFS(Docs!$A$2:$A$201,$A5,Docs!$C$2:$C$201,"Y",Docs!$D$2:$D$201,"N")>0,"MISSING","OK")) | R5: =IF(AND($A5<>"",ISNUMBER($H5)),$H5-TODAY(),"") | S5: =IF($A5="","",IF(OR($I5="Awarded",$I5="Declined",$I5="Withdrawn"),"CLOSED",IF(NOT(ISNUMBER($H5)),"NO DEADLINE SET",IF($H5<TODAY(),"OVERDUE "&TODAY()-$H5&" DAYS",IF($H5-TODAY()<=14,"DUE IN "&$H5-TODAY()&" DAYS","OPEN"))))) | T5: =IF($A5="","",IF(COUNTIFS($B$2:$B$41,$B5,$C$2:$C$41,$C5)>1,"DUPLICATE OF ANOTHER ROW","")) | U5: =IF($A5="","",IF($B5="","No funder name. ","")&IF(AND(ISNUMBER($F5),ISNUMBER($G5),$G5<$F5),"Award max is below award min. ","")&IF(AND($I5="Submitted",NOT(ISNUMBER($M5))),"Status is Submitted but there is no submitted date. ","")&IF(AND($I5="Awarded",NOT(ISNUMBER($O5))),"Status is Awarded but there is no awarded amount. ","")&IF(AND($I5<>"Research",$I5<>"",NOT(ISNUMBER($H5))),"There is no deadline date. ","")&IF(AND(ISNUMBER($O5),ISNUMBER($G5),$O5>$G5),"Awarded amount is above the award max you recorded. ","")) | V5: =IF(AND($A5<>"",ISNUMBER($H5),$I5<>"Awarded",$I5<>"Declined",$I5<>"Withdrawn"),$H5,"")
P6: =IF($A6="","",COUNTIFS(Docs!$A$2:$A$201,$A6,Docs!$C$2:$C$201,"Y",Docs!$D$2:$D$201,"Y")&"/"&COUNTIFS(Docs!$A$2:$A$201,$A6,Docs!$C$2:$C$201,"Y")) | Q6: =IF($A6="","",IF(COUNTIFS(Docs!$A$2:$A$201,$A6,Docs!$C$2:$C$201,"Y",Docs!$D$2:$D$201,"N")>0,"MISSING","OK")) | R6: =IF(AND($A6<>"",ISNUMBER($H6)),$H6-TODAY(),"") | S6: =IF($A6="","",IF(OR($I6="Awarded",$I6="Declined",$I6="Withdrawn"),"CLOSED",IF(NOT(ISNUMBER($H6)),"NO DEADLINE SET",IF($H6<TODAY(),"OVERDUE "&TODAY()-$H6&" DAYS",IF($H6-TODAY()<=14,"DUE IN "&$H6-TODAY()&" DAYS","OPEN"))))) | T6: =IF($A6="","",IF(COUNTIFS($B$2:$B$41,$B6,$C$2:$C$41,$C6)>1,"DUPLICATE OF ANOTHER ROW","")) | U6: =IF($A6="","",IF($B6="","No funder name. ","")&IF(AND(ISNUMBER($F6),ISNUMBER($G6),$G6<$F6),"Award max is below award min. ","")&IF(AND($I6="Submitted",NOT(ISNUMBER($M6))),"Status is Submitted but there is no submitted date. ","")&IF(AND($I6="Awarded",NOT(ISNUMBER($O6))),"Status is Awarded but there is no awarded amount. ","")&IF(AND($I6<>"Research",$I6<>"",NOT(ISNUMBER($H6))),"There is no deadline date. ","")&IF(AND(ISNUMBER($O6),ISNUMBER($G6),$O6>$G6),"Awarded amount is above the award max you recorded. ","")) | V6: =IF(AND($A6<>"",ISNUMBER($H6),$I6<>"Awarded",$I6<>"Declined",$I6<>"Withdrawn"),$H6,"")
P7: =IF($A7="","",COUNTIFS(Docs!$A$2:$A$201,$A7,Docs!$C$2:$C$201,"Y",Docs!$D$2:$D$201,"Y")&"/"&COUNTIFS(Docs!$A$2:$A$201,$A7,Docs!$C$2:$C$201,"Y")) | Q7: =IF($A7="","",IF(COUNTIFS(Docs!$A$2:$A$201,$A7,Docs!$C$2:$C$201,"Y",Docs!$D$2:$D$201,"N")>0,"MISSING","OK")) | R7: =IF(AND($A7<>"",ISNUMBER($H7)),$H7-TODAY(),"") | S7: =IF($A7="","",IF(OR($I7="Awarded",$I7="Declined",$I7="Withdrawn"),"CLOSED",IF(NOT(ISNUMBER($H7)),"NO DEADLINE SET",IF($H7<TODAY(),"OVERDUE "&TODAY()-$H7&" DAYS",IF($H7-TODAY()<=14,"DUE IN "&$H7-TODAY()&" DAYS","OPEN"))))) | T7: =IF($A7="","",IF(COUNTIFS($B$2:$B$41,$B7,$C$2:$C$41,$C7)>1,"DUPLICATE OF ANOTHER ROW","")) | U7: =IF($A7="","",IF($B7="","No funder name. ","")&IF(AND(ISNUMBER($F7),ISNUMBER($G7),$G7<$F7),"Award max is below award min. ","")&IF(AND($I7="Submitted",NOT(ISNUMBER($M7))),"Status is Submitted but there is no submitted date. ","")&IF(AND($I7="Awarded",NOT(ISNUMBER($O7))),"Status is Awarded but there is no awarded amount. ","")&IF(AND($I7<>"Research",$I7<>"",NOT(ISNUMBER($H7))),"There is no deadline date. ","")&IF(AND(ISNUMBER($O7),ISNUMBER($G7),$O7>$G7),"Awarded amount is above the award max you recorded. ","")) | V7: =IF(AND($A7<>"",ISNUMBER($H7),$I7<>"Awarded",$I7<>"Declined",$I7<>"Withdrawn"),$H7,"")
P8: =IF($A8="","",COUNTIFS(Docs!$A$2:$A$201,$A8,Docs!$C$2:$C$201,"Y",Docs!$D$2:$D$201,"Y")&"/"&COUNTIFS(Docs!$A$2:$A$201,$A8,Docs!$C$2:$C$201,"Y")) | Q8: =IF($A8="","",IF(COUNTIFS(Docs!$A$2:$A$201,$A8,Docs!$C$2:$C$201,"Y",Docs!$D$2:$D$201,"N")>0,"MISSING","OK")) | R8: =IF(AND($A8<>"",ISNUMBER($H8)),$H8-TODAY(),"") | S8: =IF($A8="","",IF(OR($I8="Awarded",$I8="Declined",$I8="Withdrawn"),"CLOSED",IF(NOT(ISNUMBER($H8)),"NO DEADLINE SET",IF($H8<TODAY(),"OVERDUE "&TODAY()-$H8&" DAYS",IF($H8-TODAY()<=14,"DUE IN "&$H8-TODAY()&" DAYS","OPEN"))))) | T8: =IF($A8="","",IF(COUNTIFS($B$2:$B$41,$B8,$C$2:$C$41,$C8)>1,"DUPLICATE OF ANOTHER ROW","")) | U8: =IF($A8="","",IF($B8="","No funder name. ","")&IF(AND(ISNUMBER($F8),ISNUMBER($G8),$G8<$F8),"Award max is below award min. ","")&IF(AND($I8="Submitted",NOT(ISNUMBER($M8))),"Status is Submitted but there is no submitted date. ","")&IF(AND($I8="Awarded",NOT(ISNUMBER($O8))),"Status is Awarded but there is no awarded amount. ","")&IF(AND($I8<>"Research",$I8<>"",NOT(ISNUMBER($H8))),"There is no deadline date. ","")&IF(AND(ISNUMBER($O8),ISNUMBER($G8),$O8>$G8),"Awarded amount is above the award max you recorded. ","")) | V8: =IF(AND($A8<>"",ISNUMBER($H8),$I8<>"Awarded",$I8<>"Declined",$I8<>"Withdrawn"),$H8,"")
P9: =IF($A9="","",COUNTIFS(Docs!$A$2:$A$201,$A9,Docs!$C$2:$C$201,"Y",Docs!$D$2:$D$201,"Y")&"/"&COUNTIFS(Docs!$A$2:$A$201,$A9,Docs!$C$2:$C$201,"Y")) | Q9: =IF($A9="","",IF(COUNTIFS(Docs!$A$2:$A$201,$A9,Docs!$C$2:$C$201,"Y",Docs!$D$2:$D$201,"N")>0,"MISSING","OK")) | R9: =IF(AND($A9<>"",ISNUMBER($H9)),$H9-TODAY(),"") | S9: =IF($A9="","",IF(OR($I9="Awarded",$I9="Declined",$I9="Withdrawn"),"CLOSED",IF(NOT(ISNUMBER($H9)),"NO DEADLINE SET",IF($H9<TODAY(),"OVERDUE "&TODAY()-$H9&" DAYS",IF($H9-TODAY()<=14,"DUE IN "&$H9-TODAY()&" DAYS","OPEN"))))) | T9: =IF($A9="","",IF(COUNTIFS($B$2:$B$41,$B9,$C$2:$C$41,$C9)>1,"DUPLICATE OF ANOTHER ROW","")) | U9: =IF($A9="","",IF($B9="","No funder name. ","")&IF(AND(ISNUMBER($F9),ISNUMBER($G9),$G9<$F9),"Award max is below award min. ","")&IF(AND($I9="Submitted",NOT(ISNUMBER($M9))),"Status is Submitted but there is no submitted date. ","")&IF(AND($I9="Awarded",NOT(ISNUMBER($O9))),"Status is Awarded but there is no awarded amount. ","")&IF(AND($I9<>"Research",$I9<>"",NOT(ISNUMBER($H9))),"There is no deadline date. ","")&IF(AND(ISNUMBER($O9),ISNUMBER($G9),$O9>$G9),"Awarded amount is above the award max you recorded. ","")) | V9: =IF(AND($A9<>"",ISNUMBER($H9),$I9<>"Awarded",$I9<>"Declined",$I9<>"Withdrawn"),$H9,"")
P10: =IF($A10="","",COUNTIFS(Docs!$A$2:$A$201,$A10,Docs!$C$2:$C$201,"Y",Docs!$D$2:$D$201,"Y")&"/"&COUNTIFS(Docs!$A$2:$A$201,$A10,Docs!$C$2:$C$201,"Y")) | Q10: =IF($A10="","",IF(COUNTIFS(Docs!$A$2:$A$201,$A10,Docs!$C$2:$C$201,"Y",Docs!$D$2:$D$201,"N")>0,"MISSING","OK")) | R10: =IF(AND($A10<>"",ISNUMBER($H10)),$H10-TODAY(),"") | S10: =IF($A10="","",IF(OR($I10="Awarded",$I10="Declined",$I10="Withdrawn"),"CLOSED",IF(NOT(ISNUMBER($H10)),"NO DEADLINE SET",IF($H10<TODAY(),"OVERDUE "&TODAY()-$H10&" DAYS",IF($H10-TODAY()<=14,"DUE IN "&$H10-TODAY()&" DAYS","OPEN"))))) | T10: =IF($A10="","",IF(COUNTIFS($B$2:$B$41,$B10,$C$2:$C$41,$C10)>1,"DUPLICATE OF ANOTHER ROW","")) | U10: =IF($A10="","",IF($B10="","No funder name. ","")&IF(AND(ISNUMBER($F10),ISNUMBER($G10),$G10<$F10),"Award max is below award min. ","")&IF(AND($I10="Submitted",NOT(ISNUMBER($M10))),"Status is Submitted but there is no submitted date. ","")&IF(AND($I10="Awarded",NOT(ISNUMBER($O10))),"Status is Awarded but there is no awarded amount. ","")&IF(AND($I10<>"Research",$I10<>"",NOT(ISNUMBER($H10))),"There is no deadline date. ","")&IF(AND(ISNUMBER($O10),ISNUMBER($G10),$O10>$G10),"Awarded amount is above the award max you recorded. ","")) | V10: =IF(AND($A10<>"",ISNUMBER($H10),$I10<>"Awarded",$I10<>"Declined",$I10<>"Withdrawn"),$H10,"")
P11: =IF($A11="","",COUNTIFS(Docs!$A$2:$A$201,$A11,Docs!$C$2:$C$201,"Y",Docs!$D$2:$D$201,"Y")&"/"&COUNTIFS(Docs!$A$2:$A$201,$A11,Docs!$C$2:$C$201,"Y")) | Q11: =IF($A11="","",IF(COUNTIFS(Docs!$A$2:$A$201,$A11,Docs!$C$2:$C$201,"Y",Docs!$D$2:$D$201,"N")>0,"MISSING","OK")) | R11: =IF(AND($A11<>"",ISNUMBER($H11)),$H11-TODAY(),"") | S11: =IF($A11="","",IF(OR($I11="Awarded",$I11="Declined",$I11="Withdrawn"),"CLOSED",IF(NOT(ISNUMBER($H11)),"NO DEADLINE SET",IF($H11<TODAY(),"OVERDUE "&TODAY()-$H11&" DAYS",IF($H11-TODAY()<=14,"DUE IN "&$H11-TODAY()&" DAYS","OPEN"))))) | T11: =IF($A11="","",IF(COUNTIFS($B$2:$B$41,$B11,$C$2:$C$41,$C11)>1,"DUPLICATE OF ANOTHER ROW","")) | U11: =IF($A11="","",IF($B11="","No funder name. ","")&IF(AND(ISNUMBER($F11),ISNUMBER($G11),$G11<$F11),"Award max is below award min. ","")&IF(AND($I11="Submitted",NOT(ISNUMBER($M11))),"Status is Submitted but there is no submitted date. ","")&IF(AND($I11="Awarded",NOT(ISNUMBER($O11))),"Status is Awarded but there is no awarded amount. ","")&IF(AND($I11<>"Research",$I11<>"",NOT(ISNUMBER($H11))),"There is no deadline date. ","")&IF(AND(ISNUMBER($O11),ISNUMBER($G11),$O11>$G11),"Awarded amount is above the award max you recorded. ","")) | V11: =IF(AND($A11<>"",ISNUMBER($H11),$I11<>"Awarded",$I11<>"Declined",$I11<>"Withdrawn"),$H11,"")
P12: =IF($A12="","",COUNTIFS(Docs!$A$2:$A$201,$A12,Docs!$C$2:$C$201,"Y",Docs!$D$2:$D$201,"Y")&"/"&COUNTIFS(Docs!$A$2:$A$201,$A12,Docs!$C$2:$C$201,"Y")) | Q12: =IF($A12="","",IF(COUNTIFS(Docs!$A$2:$A$201,$A12,Docs!$C$2:$C$201,"Y",Docs!$D$2:$D$201,"N")>0,"MISSING","OK")) | R12: =IF(AND($A12<>"",ISNUMBER($H12)),$H12-TODAY(),"") | S12: =IF($A12="","",IF(OR($I12="Awarded",$I12="Declined",$I12="Withdrawn"),"CLOSED",IF(NOT(ISNUMBER($H12)),"NO DEADLINE SET",IF($H12<TODAY(),"OVERDUE "&TODAY()-$H12&" DAYS",IF($H12-TODAY()<=14,"DUE IN "&$H12-TODAY()&" DAYS","OPEN"))))) | T12: =IF($A12="","",IF(COUNTIFS($B$2:$B$41,$B12,$C$2:$C$41,$C12)>1,"DUPLICATE OF ANOTHER ROW","")) | U12: =IF($A12="","",IF($B12="","No funder name. ","")&IF(AND(ISNUMBER($F12),ISNUMBER($G12),$G12<$F12),"Award max is below award min. ","")&IF(AND($I12="Submitted",NOT(ISNUMBER($M12))),"Status is Submitted but there is no submitted date. ","")&IF(AND($I12="Awarded",NOT(ISNUMBER($O12))),"Status is Awarded but there is no awarded amount. ","")&IF(AND($I12<>"Research",$I12<>"",NOT(ISNUMBER($H12))),"There is no deadline date. ","")&IF(AND(ISNUMBER($O12),ISNUMBER($G12),$O12>$G12),"Awarded amount is above the award max you recorded. ","")) | V12: =IF(AND($A12<>"",ISNUMBER($H12),$I12<>"Awarded",$I12<>"Declined",$I12<>"Withdrawn"),$H12,"")
P13: =IF($A13="","",COUNTIFS(Docs!$A$2:$A$201,$A13,Docs!$C$2:$C$201,"Y",Docs!$D$2:$D$201,"Y")&"/"&COUNTIFS(Docs!$A$2:$A$201,$A13,Docs!$C$2:$C$201,"Y")) | Q13: =IF($A13="","",IF(COUNTIFS(Docs!$A$2:$A$201,$A13,Docs!$C$2:$C$201,"Y",Docs!$D$2:$D$201,"N")>0,"MISSING","OK")) | R13: =IF(AND($A13<>"",ISNUMBER($H13)),$H13-TODAY(),"") | S13: =IF($A13="","",IF(OR($I13="Awarded",$I13="Declined",$I13="Withdrawn"),"CLOSED",IF(NOT(ISNUMBER($H13)),"NO DEADLINE SET",IF($H13<TODAY(),"OVERDUE "&TODAY()-$H13&" DAYS",IF($H13-TODAY()<=14,"DUE IN "&$H13-TODAY()&" DAYS","OPEN"))))) | T13: =IF($A13="","",IF(COUNTIFS($B$2:$B$41,$B13,$C$2:$C$41,$C13)>1,"DUPLICATE OF ANOTHER ROW","")) | U13: =IF($A13="","",IF($B13="","No funder name. ","")&IF(AND(ISNUMBER($F13),ISNUMBER($G13),$G13<$F13),"Award max is below award min. ","")&IF(AND($I13="Submitted",NOT(ISNUMBER($M13))),"Status is Submitted but there is no submitted date. ","")&IF(AND($I13="Awarded",NOT(ISNUMBER($O13))),"Status is Awarded but there is no awarded amount. ","")&IF(AND($I13<>"Research",$I13<>"",NOT(ISNUMBER($H13))),"There is no deadline date. ","")&IF(AND(ISNUMBER($O13),ISNUMBER($G13),$O13>$G13),"Awarded amount is above the award max you recorded. ","")) | V13: =IF(AND($A13<>"",ISNUMBER($H13),$I13<>"Awarded",$I13<>"Declined",$I13<>"Withdrawn"),$H13,"")
P14: =IF($A14="","",COUNTIFS(Docs!$A$2:$A$201,$A14,Docs!$C$2:$C$201,"Y",Docs!$D$2:$D$201,"Y")&"/"&COUNTIFS(Docs!$A$2:$A$201,$A14,Docs!$C$2:$C$201,"Y")) | Q14: =IF($A14="","",IF(COUNTIFS(Docs!$A$2:$A$201,$A14,Docs!$C$2:$C$201,"Y",Docs!$D$2:$D$201,"N")>0,"MISSING","OK")) | R14: =IF(AND($A14<>"",ISNUMBER($H14)),$H14-TODAY(),"") | S14: =IF($A14="","",IF(OR($I14="Awarded",$I14="Declined",$I14="Withdrawn"),"CLOSED",IF(NOT(ISNUMBER($H14)),"NO DEADLINE SET",IF($H14<TODAY(),"OVERDUE "&TODAY()-$H14&" DAYS",IF($H14-TODAY()<=14,"DUE IN "&$H14-TODAY()&" DAYS","OPEN"))))) | T14: =IF($A14="","",IF(COUNTIFS($B$2:$B$41,$B14,$C$2:$C$41,$C14)>1,"DUPLICATE OF ANOTHER ROW","")) | U14: =IF($A14="","",IF($B14="","No funder name. ","")&IF(AND(ISNUMBER($F14),ISNUMBER($G14),$G14<$F14),"Award max is below award min. ","")&IF(AND($I14="Submitted",NOT(ISNUMBER($M14))),"Status is Submitted but there is no submitted date. ","")&IF(AND($I14="Awarded",NOT(ISNUMBER($O14))),"Status is Awarded but there is no awarded amount. ","")&IF(AND($I14<>"Research",$I14<>"",NOT(ISNUMBER($H14))),"There is no deadline date. ","")&IF(AND(ISNUMBER($O14),ISNUMBER($G14),$O14>$G14),"Awarded amount is above the award max you recorded. ","")) | V14: =IF(AND($A14<>"",ISNUMBER($H14),$I14<>"Awarded",$I14<>"Declined",$I14<>"Withdrawn"),$H14,"")
P15: =IF($A15="","",COUNTIFS(Docs!$A$2:$A$201,$A15,Docs!$C$2:$C$201,"Y",Docs!$D$2:$D$201,"Y")&"/"&COUNTIFS(Docs!$A$2:$A$201,$A15,Docs!$C$2:$C$201,"Y")) | Q15: =IF($A15="","",IF(COUNTIFS(Docs!$A$2:$A$201,$A15,Docs!$C$2:$C$201,"Y",Docs!$D$2:$D$201,"N")>0,"MISSING","OK")) | R15: =IF(AND($A15<>"",ISNUMBER($H15)),$H15-TODAY(),"") | S15: =IF($A15="","",IF(OR($I15="Awarded",$I15="Declined",$I15="Withdrawn"),"CLOSED",IF(NOT(ISNUMBER($H15)),"NO DEADLINE SET",IF($H15<TODAY(),"OVERDUE "&TODAY()-$H15&" DAYS",IF($H15-TODAY()<=14,"DUE IN "&$H15-TODAY()&" DAYS","OPEN"))))) | T15: =IF($A15="","",IF(COUNTIFS($B$2:$B$41,$B15,$C$2:$C$41,$C15)>1,"DUPLICATE OF ANOTHER ROW","")) | U15: =IF($A15="","",IF($B15="","No funder name. ","")&IF(AND(ISNUMBER($F15),ISNUMBER($G15),$G15<$F15),"Award max is below award min. ","")&IF(AND($I15="Submitted",NOT(ISNUMBER($M15))),"Status is Submitted but there is no submitted date. ","")&IF(AND($I15="Awarded",NOT(ISNUMBER($O15))),"Status is Awarded but there is no awarded amount. ","")&IF(AND($I15<>"Research",$I15<>"",NOT(ISNUMBER($H15))),"There is no deadline date. ","")&IF(AND(ISNUMBER($O15),ISNUMBER($G15),$O15>$G15),"Awarded amount is above the award max you recorded. ","")) | V15: =IF(AND($A15<>"",ISNUMBER($H15),$I15<>"Awarded",$I15<>"Declined",$I15<>"Withdrawn"),$H15,"")
P16: =IF($A16="","",COUNTIFS(Docs!$A$2:$A$201,$A16,Docs!$C$2:$C$201,"Y",Docs!$D$2:$D$201,"Y")&"/"&COUNTIFS(Docs!$A$2:$A$201,$A16,Docs!$C$2:$C$201,"Y")) | Q16: =IF($A16="","",IF(COUNTIFS(Docs!$A$2:$A$201,$A16,Docs!$C$2:$C$201,"Y",Docs!$D$2:$D$201,"N")>0,"MISSING","OK")) | R16: =IF(AND($A16<>"",ISNUMBER($H16)),$H16-TODAY(),"") | S16: =IF($A16="","",IF(OR($I16="Awarded",$I16="Declined",$I16="Withdrawn"),"CLOSED",IF(NOT(ISNUMBER($H16)),"NO DEADLINE SET",IF($H16<TODAY(),"OVERDUE "&TODAY()-$H16&" DAYS",IF($H16-TODAY()<=14,"DUE IN "&$H16-TODAY()&" DAYS","OPEN"))))) | T16: =IF($A16="","",IF(COUNTIFS($B$2:$B$41,$B16,$C$2:$C$41,$C16)>1,"DUPLICATE OF ANOTHER ROW","")) | U16: =IF($A16="","",IF($B16="","No funder name. ","")&IF(AND(ISNUMBER($F16),ISNUMBER($G16),$G16<$F16),"Award max is below award min. ","")&IF(AND($I16="Submitted",NOT(ISNUMBER($M16))),"Status is Submitted but there is no submitted date. ","")&IF(AND($I16="Awarded",NOT(ISNUMBER($O16))),"Status is Awarded but there is no awarded amount. ","")&IF(AND($I16<>"Research",$I16<>"",NOT(ISNUMBER($H16))),"There is no deadline date. ","")&IF(AND(ISNUMBER($O16),ISNUMBER($G16),$O16>$G16),"Awarded amount is above the award max you recorded. ","")) | V16: =IF(AND($A16<>"",ISNUMBER($H16),$I16<>"Awarded",$I16<>"Declined",$I16<>"Withdrawn"),$H16,"")
P17: =IF($A17="","",COUNTIFS(Docs!$A$2:$A$201,$A17,Docs!$C$2:$C$201,"Y",Docs!$D$2:$D$201,"Y")&"/"&COUNTIFS(Docs!$A$2:$A$201,$A17,Docs!$C$2:$C$201,"Y")) | Q17: =IF($A17="","",IF(COUNTIFS(Docs!$A$2:$A$201,$A17,Docs!$C$2:$C$201,"Y",Docs!$D$2:$D$201,"N")>0,"MISSING","OK")) | R17: =IF(AND($A17<>"",ISNUMBER($H17)),$H17-TODAY(),"") | S17: =IF($A17="","",IF(OR($I17="Awarded",$I17="Declined",$I17="Withdrawn"),"CLOSED",IF(NOT(ISNUMBER($H17)),"NO DEADLINE SET",IF($H17<TODAY(),"OVERDUE "&TODAY()-$H17&" DAYS",IF($H17-TODAY()<=14,"DUE IN "&$H17-TODAY()&" DAYS","OPEN"))))) | T17: =IF($A17="","",IF(COUNTIFS($B$2:$B$41,$B17,$C$2:$C$41,$C17)>1,"DUPLICATE OF ANOTHER ROW","")) | U17: =IF($A17="","",IF($B17="","No funder name. ","")&IF(AND(ISNUMBER($F17),ISNUMBER($G17),$G17<$F17),"Award max is below award min. ","")&IF(AND($I17="Submitted",NOT(ISNUMBER($M17))),"Status is Submitted but there is no submitted date. ","")&IF(AND($I17="Awarded",NOT(ISNUMBER($O17))),"Status is Awarded but there is no awarded amount. ","")&IF(AND($I17<>"Research",$I17<>"",NOT(ISNUMBER($H17))),"There is no deadline date. ","")&IF(AND(ISNUMBER($O17),ISNUMBER($G17),$O17>$G17),"Awarded amount is above the award max you recorded. ","")) | V17: =IF(AND($A17<>"",ISNUMBER($H17),$I17<>"Awarded",$I17<>"Declined",$I17<>"Withdrawn"),$H17,"")
... P41: =IF($A41="","",COUNTIFS(Docs!$A$2:$A$201,$A41,Docs!$C$2:$C$201,"Y",Docs!$D$2:$D$201,"Y")&"/"&COUNTIFS(Docs!$A$2:$A$201,$A41,Docs!$C$2:$C$201,"Y")) | Q41: =IF($A41="","",IF(COUNTIFS(Docs!$A$2:$A$201,$A41,Docs!$C$2:$C$201,"Y",Docs!$D$2:$D$201,"N")>0,"MISSING","OK")) | R41: =IF(AND($A41<>"",ISNUMBER($H41)),$H41-TODAY(),"") | S41: =IF($A41="","",IF(OR($I41="Awarded",$I41="Declined",$I41="Withdrawn"),"CLOSED",IF(NOT(ISNUMBER($H41)),"NO DEADLINE SET",IF($H41<TODAY(),"OVERDUE "&TODAY()-$H41&" DAYS",IF($H41-TODAY()<=14,"DUE IN "&$H41-TODAY()&" DAYS","OPEN"))))) | T41: =IF($A41="","",IF(COUNTIFS($B$2:$B$41,$B41,$C$2:$C$41,$C41)>1,"DUPLICATE OF ANOTHER ROW","")) | U41: =IF($A41="","",IF($B41="","No funder name. ","")&IF(AND(ISNUMBER($F41),ISNUMBER($G41),$G41<$F41),"Award max is below award min. ","")&IF(AND($I41="Submitted",NOT(ISNUMBER($M41))),"Status is Submitted but there is no submitted date. ","")&IF(AND($I41="Awarded",NOT(ISNUMBER($O41))),"Status is Awarded but there is no awarded amount. ","")&IF(AND($I41<>"Research",$I41<>"",NOT(ISNUMBER($H41))),"There is no deadline date. ","")&IF(AND(ISNUMBER($O41),ISNUMBER($G41),$O41>$G41),"Awarded amount is above the award max you recorded. ","")) | V41: =IF(AND($A41<>"",ISNUMBER($H41),$I41<>"Awarded",$I41<>"Declined",$I41<>"Withdrawn"),$H41,"")

Sheet Docs
A1: Opportunity ID | B1: Document | C1: Required? (Y/N) | D1: Ready? (Y/N) | E1: Where it lives | F1: Last checked | H1: Leave Required? blank for documents this funder does not ask for - only required documents count towards the readiness figure on Opportunities column P.
A2: EX-001 | B2: Mission statement (150 words) | C2: Y | D2: Y | E2: org-drive/accreditation/mission.docx | F2: 46266
A3: EX-001 | B3: 501(c)(3) determination letter | C3: Y | D3: Y | E3: org-drive/legal/irs-determination.pdf | F3: 46266
A4: EX-001 | B4: Board of directors list with affiliations | C4: Y | D4: N
A5: EX-001 | B5: Project budget and budget narrative | C5: Y | D5: N
A6: EX-001 | B6: Program narrative (most recent) | C6: Y | D6: N
A7: EX-001 | B7: Letters of support | C7: N | D7: N | E7: ask two partner orgs
A8: EX-001 | B8: Most recent IRS Form 990 | C8: Y | D8: Y | E8: org-drive/finance/990-2025.pdf | F8: 46266
A9: EX-002 | B9: Mission statement (150 words) | C9: Y | D9: Y | E9: org-drive/accreditation/mission.docx | F9: 46254
A10: EX-002 | B10: Project budget and budget narrative | C10: Y | D10: Y | E10: org-drive/riverside/budget-v3.xlsx | F10: 46296
A11: EX-002 | B11: Program narrative (most recent) | C11: Y | D11: Y | E11: org-drive/riverside/narrative-v2.docx | F11: 46296
A12: EX-002 | B12: Outcomes tracking table | C12: Y | D12: Y | E12: org-drive/riverside/outcomes.xlsx | F12: 46299
A13: EX-002 | B13: Board of directors list with affiliations | C13: Y | D13: Y | E13: org-drive/legal/board-2026.docx | F13: 46254

Sheet Budget
A1: Opportunity ID | B1: Line item | C1: Requested (USD) | D1: Confirmed (USD) | E1: Notes | G1: Requested = what you asked for (one row per budget line). Confirmed = what the award letter actually committed, filled in only after a decision. The Dashboard compares the total requested here with the total awarded on Opportunities.
A2: EX-001 | B2: Teaching artist stipends | C2: 6000 | E2: EXAMPLE 12 sessions x $500
A3: EX-001 | B3: Materials and instruments | C3: 3000
A4: EX-001 | B4: Evaluation | C4: 1500
A5: EX-001 | B5: Administration (10%) | C5: 1500
A6: EX-002 | B6: Community health workers (part-time) | C6: 12000
A7: EX-002 | B7: Screening equipment | C7: 4000
A8: EX-002 | B8: Translation and outreach | C8: 2000

Sheet Timeline
A1: Opportunity ID | B1: Report or deliverable | C1: First due | D1: Repeat every (days) | E1: Next due | F1: Status | G1: Notes | I1: Next due is computed from First due and Repeat every: it steps forward in whole intervals until it lands on or after today, so it never shows a date in the past. Leave First due blank and the cell asks you to fill it instead of guessing.
A2: EX-003 | B2: Annual narrative and financial report | C2: 46418 | D2: 365 | E2: =IF(OR($A2="",NOT(ISNUMBER($C2)),NOT(ISNUMBER($D2)),$D2<=0),"Check first due and repeat days",$C2+MAX(0,ROUNDUP((TODAY()-$C2)/$D2,0))*$D2) | F2: =IF($A2="","",IF(NOT(ISNUMBER($E2)),"CHECK INPUTS",IF($E2<TODAY(),"OVERDUE "&TODAY()-$E2&" DAYS",IF($E2-TODAY()<=30,"DUE IN "&$E2-TODAY()&" DAYS","OPEN")))) | G2: EXAMPLE from the award letter
A3: EX-003 | B3: Quarterly program update | C3: 46371 | D3: 90 | E3: =IF(OR($A3="",NOT(ISNUMBER($C3)),NOT(ISNUMBER($D3)),$D3<=0),"Check first due and repeat days",$C3+MAX(0,ROUNDUP((TODAY()-$C3)/$D3,0))*$D3) | F3: =IF($A3="","",IF(NOT(ISNUMBER($E3)),"CHECK INPUTS",IF($E3<TODAY(),"OVERDUE "&TODAY()-$E3&" DAYS",IF($E3-TODAY()<=30,"DUE IN "&$E3-TODAY()&" DAYS","OPEN")))) | G3: EXAMPLE quarterly
A4: EX-003 | B4: Final report | D4: 365 | E4: =IF(OR($A4="",NOT(ISNUMBER($C4)),NOT(ISNUMBER($D4)),$D4<=0),"Check first due and repeat days",$C4+MAX(0,ROUNDUP((TODAY()-$C4)/$D4,0))*$D4) | F4: =IF($A4="","",IF(NOT(ISNUMBER($E4)),"CHECK INPUTS",IF($E4<TODAY(),"OVERDUE "&TODAY()-$E4&" DAYS",IF($E4-TODAY()<=30,"DUE IN "&$E4-TODAY()&" DAYS","OPEN")))) | G4: EXAMPLE left blank on purpose so you can see the guard message
E5: =IF(OR($A5="",NOT(ISNUMBER($C5)),NOT(ISNUMBER($D5)),$D5<=0),"Check first due and repeat days",$C5+MAX(0,ROUNDUP((TODAY()-$C5)/$D5,0))*$D5) | F5: =IF($A5="","",IF(NOT(ISNUMBER($E5)),"CHECK INPUTS",IF($E5<TODAY(),"OVERDUE "&TODAY()-$E5&" DAYS",IF($E5-TODAY()<=30,"DUE IN "&$E5-TODAY()&" DAYS","OPEN"))))
E6: =IF(OR($A6="",NOT(ISNUMBER($C6)),NOT(ISNUMBER($D6)),$D6<=0),"Check first due and repeat days",$C6+MAX(0,ROUNDUP((TODAY()-$C6)/$D6,0))*$D6) | F6: =IF($A6="","",IF(NOT(ISNUMBER($E6)),"CHECK INPUTS",IF($E6<TODAY(),"OVERDUE "&TODAY()-$E6&" DAYS",IF($E6-TODAY()<=30,"DUE IN "&$E6-TODAY()&" DAYS","OPEN"))))
E7: =IF(OR($A7="",NOT(ISNUMBER($C7)),NOT(ISNUMBER($D7)),$D7<=0),"Check first due and repeat days",$C7+MAX(0,ROUNDUP((TODAY()-$C7)/$D7,0))*$D7) | F7: =IF($A7="","",IF(NOT(ISNUMBER($E7)),"CHECK INPUTS",IF($E7<TODAY(),"OVERDUE "&TODAY()-$E7&" DAYS",IF($E7-TODAY()<=30,"DUE IN "&$E7-TODAY()&" DAYS","OPEN"))))
E8: =IF(OR($A8="",NOT(ISNUMBER($C8)),NOT(ISNUMBER($D8)),$D8<=0),"Check first due and repeat days",$C8+MAX(0,ROUNDUP((TODAY()-$C8)/$D8,0))*$D8) | F8: =IF($A8="","",IF(NOT(ISNUMBER($E8)),"CHECK INPUTS",IF($E8<TODAY(),"OVERDUE "&TODAY()-$E8&" DAYS",IF($E8-TODAY()<=30,"DUE IN "&$E8-TODAY()&" DAYS","OPEN"))))
E9: =IF(OR($A9="",NOT(ISNUMBER($C9)),NOT(ISNUMBER($D9)),$D9<=0),"Check first due and repeat days",$C9+MAX(0,ROUNDUP((TODAY()-$C9)/$D9,0))*$D9) | F9: =IF($A9="","",IF(NOT(ISNUMBER($E9)),"CHECK INPUTS",IF($E9<TODAY(),"OVERDUE "&TODAY()-$E9&" DAYS",IF($E9-TODAY()<=30,"DUE IN "&$E9-TODAY()&" DAYS","OPEN"))))
E10: =IF(OR($A10="",NOT(ISNUMBER($C10)),NOT(ISNUMBER($D10)),$D10<=0),"Check first due and repeat days",$C10+MAX(0,ROUNDUP((TODAY()-$C10)/$D10,0))*$D10) | F10: =IF($A10="","",IF(NOT(ISNUMBER($E10)),"CHECK INPUTS",IF($E10<TODAY(),"OVERDUE "&TODAY()-$E10&" DAYS",IF($E10-TODAY()<=30,"DUE IN "&$E10-TODAY()&" DAYS","OPEN"))))
E11: =IF(OR($A11="",NOT(ISNUMBER($C11)),NOT(ISNUMBER($D11)),$D11<=0),"Check first due and repeat days",$C11+MAX(0,ROUNDUP((TODAY()-$C11)/$D11,0))*$D11) | F11: =IF($A11="","",IF(NOT(ISNUMBER($E11)),"CHECK INPUTS",IF($E11<TODAY(),"OVERDUE "&TODAY()-$E11&" DAYS",IF($E11-TODAY()<=30,"DUE IN "&$E11-TODAY()&" DAYS","OPEN"))))
E12: =IF(OR($A12="",NOT(ISNUMBER($C12)),NOT(ISNUMBER($D12)),$D12<=0),"Check first due and repeat days",$C12+MAX(0,ROUNDUP((TODAY()-$C12)/$D12,0))*$D12) | F12: =IF($A12="","",IF(NOT(ISNUMBER($E12)),"CHECK INPUTS",IF($E12<TODAY(),"OVERDUE "&TODAY()-$E12&" DAYS",IF($E12-TODAY()<=30,"DUE IN "&$E12-TODAY()&" DAYS","OPEN"))))
E13: =IF(OR($A13="",NOT(ISNUMBER($C13)),NOT(ISNUMBER($D13)),$D13<=0),"Check first due and repeat days",$C13+MAX(0,ROUNDUP((TODAY()-$C13)/$D13,0))*$D13) | F13: =IF($A13="","",IF(NOT(ISNUMBER($E13)),"CHECK INPUTS",IF($E13<TODAY(),"OVERDUE "&TODAY()-$E13&" DAYS",IF($E13-TODAY()<=30,"DUE IN "&$E13-TODAY()&" DAYS","OPEN"))))
E14: =IF(OR($A14="",NOT(ISNUMBER($C14)),NOT(ISNUMBER($D14)),$D14<=0),"Check first due and repeat days",$C14+MAX(0,ROUNDUP((TODAY()-$C14)/$D14,0))*$D14) | F14: =IF($A14="","",IF(NOT(ISNUMBER($E14)),"CHECK INPUTS",IF($E14<TODAY(),"OVERDUE "&TODAY()-$E14&" DAYS",IF($E14-TODAY()<=30,"DUE IN "&$E14-TODAY()&" DAYS","OPEN"))))
E15: =IF(OR($A15="",NOT(ISNUMBER($C15)),NOT(ISNUMBER($D15)),$D15<=0),"Check first due and repeat days",$C15+MAX(0,ROUNDUP((TODAY()-$C15)/$D15,0))*$D15) | F15: =IF($A15="","",IF(NOT(ISNUMBER($E15)),"CHECK INPUTS",IF($E15<TODAY(),"OVERDUE "&TODAY()-$E15&" DAYS",IF($E15-TODAY()<=30,"DUE IN "&$E15-TODAY()&" DAYS","OPEN"))))
E16: =IF(OR($A16="",NOT(ISNUMBER($C16)),NOT(ISNUMBER($D16)),$D16<=0),"Check first due and repeat days",$C16+MAX(0,ROUNDUP((TODAY()-$C16)/$D16,0))*$D16) | F16: =IF($A16="","",IF(NOT(ISNUMBER($E16)),"CHECK INPUTS",IF($E16<TODAY(),"OVERDUE "&TODAY()-$E16&" DAYS",IF($E16-TODAY()<=30,"DUE IN "&$E16-TODAY()&" DAYS","OPEN"))))
... E61: =IF(OR($A61="",NOT(ISNUMBER($C61)),NOT(ISNUMBER($D61)),$D61<=0),"Check first due and repeat days",$C61+MAX(0,ROUNDUP((TODAY()-$C61)/$D61,0))*$D61) | F61: =IF($A61="","",IF(NOT(ISNUMBER($E61)),"CHECK INPUTS",IF($E61<TODAY(),"OVERDUE "&TODAY()-$E61&" DAYS",IF($E61-TODAY()<=30,"DUE IN "&$E61-TODAY()&" DAYS","OPEN"))))

Sheet Dashboard
A1: KPI | B1: Value | C1: How it is computed
A2: Opportunities tracked | B2: =COUNTA(Opportunities!$A$2:$A$41) | C2: Rows on Opportunities with an ID
A3: Active (not awarded, declined or withdrawn) | B3: =COUNTA(Opportunities!$A$2:$A$41)-COUNTIF(Opportunities!$I$2:$I$41,"Awarded")-COUNTIF(Opportunities!$I$2:$I$41,"Declined")-COUNTIF(Opportunities!$I$2:$I$41,"Withdrawn") | C3: Tracked rows minus the three closed statuses
A4: Submitted, awaiting a decision | B4: =COUNTIF(Opportunities!$I$2:$I$41,"Submitted") | C4: Status = Submitted
A5: Decisions received (awarded + declined) | B5: =COUNTIF(Opportunities!$I$2:$I$41,"Awarded")+COUNTIF(Opportunities!$I$2:$I$41,"Declined") | C5: The only two statuses that carry a real answer
A6: Awarded (count) | B6: =COUNTIF(Opportunities!$I$2:$I$41,"Awarded") | C6: Status = Awarded
A7: Award rate | B7: =IFERROR(B6/B5,"") | C7: Awarded / decisions received - blank until a decision exists
A8: Total awarded (USD) | B8: =SUM(Opportunities!$O$2:$O$41) | C8: Sum of column O on Opportunities
A9: Total requested (USD) | B9: =SUM(Budget!$C$2:$C$121) | C9: Sum of Requested on Budget
A10: Awarded against requested | B10: =IF(B9=0,"",B8/B9) | C10: Blank until something is requested
A11: Overdue deadlines | B11: =COUNTIF(Opportunities!$S$2:$S$41,"OVERDUE*") | C11: Deadline state starts with OVERDUE
A12: Deadlines due within 14 days | B12: =COUNTIF(Opportunities!$S$2:$S$41,"DUE IN*") | C12: Deadline state starts with DUE IN
A13: Next deadline (open rows only) | B13: =IF(COUNT(Opportunities!$V$2:$V$41)=0,"",MIN(Opportunities!$V$2:$V$41)) | C13: Earliest open deadline - closed rows are excluded by the helper column
A14: Applications with required documents not ready | B14: =COUNTIF(Opportunities!$Q$2:$Q$41,"MISSING") | C14: Rows where Docs gap = MISSING
A15: Duplicate rows to merge | B15: =COUNTIF(Opportunities!$T$2:$T$41,"DUPLICATE*") | C15: Same funder AND same program on more than one row
A16: Rows with a data problem | B16: =SUMPRODUCT(--(Opportunities!$U$2:$U$41<>"")) | C16: Any non-blank message in the Row check column
A17: Post-award reports overdue | B17: =COUNTIF(Timeline!$F$2:$F$61,"OVERDUE*") | C17: Status starts with OVERDUE
A18: Post-award reports due within 30 days | B18: =COUNTIF(Timeline!$F$2:$F$61,"DUE IN*") | C18: Status starts with DUE IN
A19: Pipeline verdict | B19: =IF(B2=0,"Start here: add your first funder on the Opportunities sheet",IF(B16>0,"FIX THE ROW PROBLEMS - see column U on Opportunities",IF(B15>0,"MERGE OR DELETE THE DUPLICATE ROWS",IF(B11>0,"CLOSE THE OVERDUE DEADLINES FIRST",IF(B14>0,"REQUIRED DOCUMENTS MISSING ON ACTIVE APPLICATIONS",IF(B17>0,"A POST-AWARD REPORT IS OVERDUE","PIPELINE CLEAN - work column L (Next action)")))))) | C19: One instruction, in the order that costs the least if ignored
A21: Stage | B21: Count | C21: Rows currently sitting in each stage
A22: Research | B22: =COUNTIF(Opportunities!$I$2:$I$41,"Research")
A23: Eligibility | B23: =COUNTIF(Opportunities!$I$2:$I$41,"Eligibility")
A24: Drafting | B24: =COUNTIF(Opportunities!$I$2:$I$41,"Drafting")
A25: Internal review | B25: =COUNTIF(Opportunities!$I$2:$I$41,"Internal review")
A26: Submitted | B26: =COUNTIF(Opportunities!$I$2:$I$41,"Submitted")
A27: Awarded | B27: =COUNTIF(Opportunities!$I$2:$I$41,"Awarded")
A28: Declined | B28: =COUNTIF(Opportunities!$I$2:$I$41,"Declined")
A29: Withdrawn | B29: =COUNTIF(Opportunities!$I$2:$I$41,"Withdrawn")
A30: Rows with no status yet | B30: =B2-SUM(B22:B29) | C30: Tracked rows minus the staged rows above

Sheet Stages
A1: # | B1: Stage | C1: Exit gate - all of it must be true to leave | D1: What blocks you here | E1: Owner
A2: 1 | B2: Research | C2: The funder's guidelines are saved and the award range overlaps what you can deliver | D2: No saved guidelines, so nobody can check the rules later | E2: Pipeline owner
A3: 2 | B3: Eligibility | C3: Every must-pass question on the Eligibility sheet is answered YES | D3: One NO at this stage is the cheapest place to stop - every stage after it costs real hours | E3: Pipeline owner
A4: 3 | B4: Drafting | C4: Narrative, budget and every required document are complete (Docs shows no MISSING) | D4: Drafting before eligibility is the single largest source of wasted effort | E4: Writer
A5: 4 | B5: Internal review | C5: A second reader has signed off the narrative, the budget and the numbers | D5: One person reading their own work finds their own assumptions, not their mistakes | E5: Second reader
A6: 5 | B6: Submitted | C6: The submission confirmation or receipt is saved next to the row | D6: No receipt means no proof of what you sent when the funder asks | E6: Pipeline owner
A7: 6 | B7: Decision | C7: The award or decline letter is on file and the amount is recorded | D7: A verbal yes is not a decision; nothing else in this workbook should assume it is | E7: Pipeline owner
A8: 7 | B8: Reporting | C8: Every report due date is on Timeline with its cadence | D8: A missed report can put an existing award at risk - this is the stage that keeps money | E8: Finance / program

Sheet Eligibility
A1: # | B1: Must-pass question | C1: Why it stops you | D1: How to verify
A2: 1 | B2: Is the applicant a legal entity the funder accepts (nonprofit, fiscal sponsor, school, tribe)? | C2: Many funders cannot pay an individual or an unincorporated group at all | D2: The eligibility section of the guidelines, and your own determination letter
A3: 2 | B3: Is the geographic area served inside the funder's stated area? | C3: A single out-of-area sentence disqualifies the application before review | D3: The guidelines' service area, checked against your real delivery map
A4: 3 | B4: Does the funder accept your organisation size (budget band)? | C4: Some funders exist specifically for small or for large organisations only | D4: Any stated annual-budget or staff-count band in the guidelines
A5: 4 | B5: Does the funder accept your program area? | C5: Program categories are usually narrower than they first appear | D5: The list of funded priorities, funder by funder
A6: 5 | B6: Is your required registration or licence current (charity status, state registration)? | C6: An expired registration fails verification later, after the writing is finished | D6: The registry record, dated within the last three months
A7: 6 | B7: Can you meet the reporting obligations you would be agreeing to? | C7: Reports are the obligation people agree to without reading; they cost real hours | D7: The report schedule and template in the guidelines or award terms
A8: 7 | B8: Is the ask inside the stated award range? | C8: Asking far outside the range signals you did not read the guidelines | D8: The stated minimum and maximum award
A9: 8 | B9: Is the match or co-funding requirement something you can genuinely meet? | C9: A match you cannot document becomes a clawback | D9: The matching requirement, and a named source for your share
A10: 9 | B10: Is the deadline realistic given your document readiness today? | C10: A two-week deadline with a missing 990 and an unsigned board letter is not realistic | D10: The Docs sheet: how many required documents are already Y
A11: 10 | B11: Is this funder's process compatible with your decision timeline? | C11: A twelve-month decision cycle can be useless for a program starting next quarter | D11: The stated notification date, and your own start date
A12: 11 | B12: Do you have a person who will genuinely own this application? | C12: Shared ownership is the reliable predictor of an unsubmitted application | D12: A name in the Owner column, not a team
A13: 12 | B13: Would you still apply if you had to reuse existing material with no rewrite? | C13: If the answer is no, the application is a rewrite of your whole case, not a fit | D13: An honest answer, written down before the writing starts

Sheet DocLibrary
A1: # | B1: Document | C1: What it must show | D1: Typical format | E1: Refresh cadence
A2: 1 | B2: Mission statement | C2: 150 words, plain language, no jargon a funder has to decode | D2: DOCX + PDF | E2: Review yearly
A3: 2 | B3: 501(c)(3) determination letter | C3: The IRS letter naming the organisation and its status | D3: PDF | E3: Once, on receipt
A4: 3 | B4: EIN confirmation letter | C4: The IRS letter showing the employer identification number | D4: PDF | E4: Once, on receipt
A5: 4 | B5: Board of directors list | C5: Names, roles and affiliations, with the date adopted | D5: DOCX or PDF | E5: On every board change
A6: 5 | B6: Organisation budget | C6: Current financial-year operating budget, board approved | D6: XLSX | E6: On every budget approval
A7: 6 | B7: Project budget and narrative | C7: Every line justified in words, not just numbers | D7: XLSX + DOCX | E7: Per application
A8: 7 | B8: Most recent Form 990 | C8: The filing as submitted, not a draft | D8: PDF | E8: Yearly, once filed
A9: 8 | B9: Financial statements | C9: Audited, reviewed or internally prepared - say which | D9: PDF | E9: Yearly, once closed
A10: 9 | B10: Program narrative | C10: What you do, for whom, with what evidence it works | D10: DOCX | E10: Review each quarter
A11: 10 | B11: Logic model or outcomes table | C11: Inputs, activities, outputs and the outcomes you measure | D11: XLSX or DOCX | E11: Review each quarter
A12: 11 | B12: Letters of support | C12: Dated, specific and signed - one page each | D12: PDF | E12: Per application
A13: 12 | B13: Project timeline | C13: Months on one side, milestones and who delivers them on the other | D13: XLSX or DOCX | E13: Per application

Sheet README
A1: B12-010 Nonprofit Grant Pipeline Tracker - HOW TO USE
A3: 1) Start on Opportunities. One row per funder and program, never one row per funder. Fill only the white cells (ID, Funder, Program, Focus area, Geography, Award min, Award max, Deadline, Status, Owner, Source URL, Next action, Submitted, Decision, Awarded). The blue columns are computed and must not be overwritten: Docs ready, Docs gap, Days to deadline, Deadline state, Duplicate? and Row check.
A4: 2) Nothing enters Drafting until Eligibility exits clean. Work the Eligibility sheet's twelve must-pass questions on paper for the funder in front of you; a single NO is the cheapest possible stop, and every stage after it costs real hours.
A5: 3) Docs: one row per opportunity and document. Mark Required? Y only for documents that funder actually asks for, and Ready? Y only when the file exists and is current. Opportunities column P then shows readiness as ready/required, and column Q turns MISSING the moment a required document is not ready. The DocLibrary sheet lists the standard twelve documents and how often each needs refreshing.
A6: 4) Budget: one row per budget line with the amount you requested. Fill Confirmed only after an award letter commits a figure. The Dashboard compares the total requested here with the total awarded on Opportunities, so the gap between asking and getting is visible.
A7: 5) Timeline: every post-award report, with the first due date from the award letter and the gap in DAYS (30 monthly, 90 quarterly, 365 annual). Next due is computed by stepping forward in whole intervals, so it never shows a date in the past, and a blank or impossible cadence asks you to fix the input instead of guessing.
A8: 6) Dashboard: every figure is computed from your own rows - tracked and active opportunities, submitted, decisions, award count and award rate, total awarded against total requested, overdue deadlines, what is due in the next 14 days, the next open deadline, applications with missing required documents, duplicate rows, rows with a data problem, and the post-award reports due in the next 30 days. The Pipeline verdict at the bottom gives you one next instruction, ordered by what costs the least if ignored.
A9: 7) Duplicate and invalid data are named, not hidden. Two rows with the same funder AND the same program are flagged DUPLICATE OF ANOTHER ROW. Column U names concrete problems - missing funder, an award maximum below the minimum, Submitted with no submitted date, Awarded with no amount, a missing deadline, an awarded amount above the range you recorded. The Dashboard counts them so they cannot quietly pile up.
A10: 8) Golden rule: an untracked report is a risk to an award you already have. Check Timeline weekly and the Dashboard's next-deadline figure monthly.
A11: 9) Pair this workbook with the B12-010 PDF method guide: the field dictionary, how every formula behaves, a worked 90-day example, the twenty mistakes, and the limits of the tool. This is an organising system for your own applications - it does not submit anything, contact any funder, or promise any funding, and it is not legal or financial advice. Always follow the funder's own guidelines over anything in this workbook.
